task,n,MSE,RMSE,R2,PearsonR
circuit,4379,0.54442704,0.737853,0.8725625650646112,0.9358628097795932
toxicity,4379,0.00037560257,0.019380469,0.9598660432411452,0.9799408283569452
