Circuit score,Toxicity score,Roadblocking
36.58688595025111,0.7609349544570161,False
