Rank,Circuit Score,Toxicity Score,Roadblocking,Permutation
1,27.34205423657014,0.7548034980274926,False,[ 2 11 13 19 15]
2,21.80785146314399,0.7791900921128478,False,[ 1  5  2 15 11]
3,19.048699393188393,0.7951234441619619,False,[ 1 15  2 17 11]
