task,n,MSE,RMSE,R2,PearsonR
circuit,364998,0.18242137,0.42710814,0.8982715902199145,0.9652687308039453
toxicity,364998,6.4520784e-05,0.008032483,0.9912988652978564,0.9956461504106691
