task,n,MSE,RMSE,R2,PearsonR
circuit,43698,0.053694557,0.23172086,0.9802845743499676,0.990185153602659
toxicity,43698,5.5238143e-05,0.007432237,0.9937050566960943,0.9970590343643683
circuit,43698,0.053694557,0.23172086,0.9802845743499676,0.990185153602659
toxicity,43698,5.5238143e-05,0.007432237,0.9937050566960943,0.9970590343643683
circuit,43698,0.053694557,0.23172086,0.9802845743499676,0.990185153602659
toxicity,43698,5.5238143e-05,0.007432237,0.9937050566960943,0.9970590343643683
circuit,43698,0.053694557,0.23172086,0.9802845743499676,0.990185153602659
toxicity,43698,5.5238143e-05,0.007432237,0.9937050566960943,0.9970590343643683
