Circuit score,Toxicity score,Roadblocking
67.10547087790754,0.7534674525577123,False
