Rank,Circuit Score,Toxicity Score,Roadblocking,Permutation
1,35.472920095821955,0.7591392462804788,False,[ 2 11 15 19  1 13]
2,34.89333313453044,0.803007574234232,False,[ 4 19 11  1 15  2]
3,30.972079460746375,0.7796282847845898,False,[ 5 15 11 19  1  2]
