{
  "Repressor": [
    "AmeR",
    "AmtR",
    "BetI",
    "BM3R1",
    "BM3R1",
    "BM3R1",
    "HlyIIR",
    "IcaRA",
    "LitR",
    "LmrA",
    "PhlF",
    "PhlF",
    "PhlF",
    "PsrA",
    "QacR",
    "QacR",
    "SrpR",
    "SrpR",
    "SrpR",
    "SrpR"
  ],
  "RBS": [
    "F1",
    "A1",
    "E1",
    "B1",
    "B2",
    "B3",
    "H1",
    "I1",
    "L1",
    "N1",
    "P1",
    "P2",
    "P3",
    "R1",
    "Q1",
    "Q2",
    "S1",
    "S2",
    "S3",
    "S4"
  ],
  "ymaxa": [
    3.835,
    5.036,
    3.065,
    0.543,
    0.822,
    0.704,
    2.462,
    3.558,
    4.296,
    2.152,
    3.901,
    6.505,
    6.794,
    6.489,
    3.744,
    3.778,
    1.216,
    2.556,
    2.547,
    3.314
  ],
  "ymina": [
    1.06,
    0.091,
    1e-14,
    0.002,
    1e-14,
    1e-14,
    0.057,
    1e-14,
    0.074,
    0.183,
    0.01,
    1e-14,
    1e-14,
    1e-14,
    1e-14,
    1e-14,
    1e-14,
    1e-14,
    1e-14,
    1e-14
  ],
  "Ka": [
    0.122,
    0.022,
    0.363,
    0.051,
    0.285,
    0.261,
    1e-14,
    0.186,
    1e-14,
    1e-14,
    1e-14,
    0.16,
    0.167,
    0.305,
    0.126,
    0.456,
    1e-14,
    0.224,
    0.4,
    0.108
  ],
  "n": [
    1.306,
    1.308,
    1.833,
    2.042,
    1.685,
    1.768,
    2.596,
    1.085,
    1.696,
    2.095,
    4,
    2.237,
    2.01,
    1.54,
    1.706,
    1.979,
    1.66,
    1.337,
    1.569,
    1.344
  ],
  "Toxicity (RPU)": [
    "-",
    "-",
    "-",
    "-",
    "-",
    "-",
    4.06525,
    0.47094,
    "-",
    "-",
    "-",
    "-",
    "-",
    "-",
    4.06525,
    "-",
    "-",
    "-",
    "-",
    "-"
  ]
}